date,source_status,target_status,reference_rows,target_rows,missing_rows,extra_rows,field_diffs,state_diffs,action,roster,afraad,notes
"2026-09-21","complete","present","28","30","2","4","0","0","skip","2026/9/21/21-9-2026.docx","2026/9/21/21-9-2026 افراد.docx",""
"2026-09-22","complete","present","27","27","1","1","0","0","skip","2026/9/22/22-9-2026.docx","2026/9/22/22-9-2026 افراد.docx",""
"2026-09-23","complete","unverified","29","2","27","0","2","34","skip","2026/9/23/23-9-2026.docx","2026/9/23/23-9-2026 افراد.docx",""
"2026-09-24","complete","unverified","28","4","27","3","1","34","skip","2026/9/24/24-9-2026.docx","2026/9/24/24-9-2026 افراد.docx",""
"2026-09-25","complete","unverified","26","2","25","1","0","34","skip","2026/9/25/25-9-2026.docx","2026/9/25/25-9-2026 افراد.docx",""
"2026-09-26","complete","unverified","36","39","22","25","4","38","skip","2026/9/26/26-9-2026.docx","2026/9/26/26-9-2026 افراد.docx",""
"2026-09-27","complete","unverified","33","2","33","2","0","34","skip","2026/9/27/27-9-2026.docx","2026/9/27/27-9-2026 افراد.docx",""
"2026-09-28","complete","unverified","32","2","29","1","1","34","skip","2026/9/28/28-9-2026.docx","2026/9/28/28-9-2026 افراد.docx",""
"2026-09-29","partial_source","unverified","15","2","14","1","1","34","skip","2026/9/29/29-9-2026.docx","",""
